-- phpMyAdmin SQL Dump
-- version 5.2.1
-- https://www.phpmyadmin.net/
--
-- 主機： 127.0.0.1
-- 產生時間： 2025-12-17 18:43:20
-- 伺服器版本： 10.4.32-MariaDB
-- PHP 版本： 8.2.12

SET SQL_MODE = "NO_AUTO_VALUE_ON_ZERO";
START TRANSACTION;
SET time_zone = "+00:00";


/*!40101 SET @OLD_CHARACTER_SET_CLIENT=@@CHARACTER_SET_CLIENT */;
/*!40101 SET @OLD_CHARACTER_SET_RESULTS=@@CHARACTER_SET_RESULTS */;
/*!40101 SET @OLD_COLLATION_CONNECTION=@@COLLATION_CONNECTION */;
/*!40101 SET NAMES utf8mb4 */;

--
-- 資料庫： `weiyucinema`
--

-- --------------------------------------------------------

--
-- 資料表結構 `bookingrecord`
--

CREATE TABLE `bookingrecord` (
  `orderNumber` varchar(30) NOT NULL,
  `memberId` varchar(10) NOT NULL,
  `showingId` varchar(6) NOT NULL,
  `time` varchar(30) NOT NULL,
  `seat` varchar(100) NOT NULL,
  `chooseMeal` text DEFAULT NULL,
  `ticketTypeId` int(11) NOT NULL,
  `ticketNums` int(11) NOT NULL,
  `orderStatusId` int(11) NOT NULL,
  `totalPrice` int(11) NOT NULL,
  `getTicketNum` int(11) NOT NULL
) ENGINE=InnoDB DEFAULT CHARSET=utf8mb4 COLLATE=utf8mb4_general_ci;

--
-- 傾印資料表的資料 `bookingrecord`
--

INSERT INTO `bookingrecord` (`orderNumber`, `memberId`, `showingId`, `time`, `seat`, `chooseMeal`, `ticketTypeId`, `ticketNums`, `orderStatusId`, `totalPrice`, `getTicketNum`) VALUES
('202512101348222106', 'M0001', '203', '2025-12-10 13:48:22', 'J5', '{\"M007\":{\"name\":\"小爆米花\",\"price\":100,\"quantity\":1,\"subtotal\":100},\"M013\":{\"name\":\"單人套餐\",\"price\":199,\"quantity\":1,\"subtotal\":199}}', 1, 1, 1, 0, 0),
('202512101348479259', 'M0001', '203', '2025-12-10 13:48:47', 'A1', '{\"M007\":{\"name\":\"小爆米花\",\"price\":100,\"quantity\":1,\"subtotal\":100}}', 1, 1, 1, 0, 0),
('202512101402583338', 'M0001', '203', '2025-12-10 14:02:58', 'C5,C6', '{\"M007\":{\"name\":\"小爆米花\",\"price\":100,\"quantity\":1,\"subtotal\":100}}', 1, 2, 1, 760, 0),
('202512101405085556', 'M0001', '203', '2025-12-10 14:05:08', 'A6', '', 1, 1, 3, 330, 0),
('202512101405303097', 'M0001', '203', '2025-12-10 14:05:30', 'K4', '{}', 1, 1, 1, 330, 0),
('202512101434317349', 'M0001', '203', '2025-12-10 14:34:31', 'J5,H5,H6', '{\"M007\":{\"name\":\"小爆米花\",\"price\":100,\"quantity\":1,\"subtotal\":100},\"M011\":{\"name\":\"熱狗\",\"price\":120,\"quantity\":1,\"subtotal\":120},\"M014\":{\"name\":\"情侶套餐\",\"price\":399,\"quantity\":1,\"subtotal\":399}}', 1, 3, 1, 1459, 0),
('202512101455013809', 'M0001', '203', '2025-12-10 14:55:01', 'D4,F8', '{\"M014\":{\"name\":\"情侶套餐\",\"price\":399,\"quantity\":1,\"subtotal\":399}}', 1, 2, 1, 899, 0),
('202512151533491856', 'M0006', '203', '2025-12-15 15:33:49', 'I4,I5', '{\"M007\":{\"name\":\"小爆米花\",\"price\":100,\"quantity\":2,\"subtotal\":200}}', 1, 2, 3, 860, 0),
('202512151625181270', 'M0006', '203', '2025-12-15 16:25:18', 'I4,I5', '{}', 1, 2, 3, 660, 0),
('202512151808479562', 'M0006', '203', '2025-12-15 18:08:47', 'I9,I10', '{\"M007\":{\"name\":\"小爆米花\",\"price\":100,\"quantity\":1,\"subtotal\":100},\"M002\":{\"name\":\"中爆米花\",\"price\":130,\"quantity\":1,\"subtotal\":130}}', 1, 2, 3, 890, 0),
('202512151846409357', 'M0006', '203', '2025-12-15 18:46:40', 'B5,B6', '{\"M007\":{\"name\":\"小爆米花\",\"price\":100,\"quantity\":1,\"subtotal\":100},\"M002\":{\"name\":\"中爆米花\",\"price\":130,\"quantity\":1,\"subtotal\":130}}', 1, 2, 3, 890, 0),
('202512151907321366', 'M0006', '203', '2025-12-15 19:07:32', 'J7,J8', '{\"M007\":{\"name\":\"小爆米花\",\"price\":100,\"quantity\":1,\"subtotal\":100},\"M002\":{\"name\":\"中爆米花\",\"price\":130,\"quantity\":1,\"subtotal\":130},\"M013\":{\"name\":\"單人套餐\",\"price\":199,\"quantity\":1,\"subtotal\":199}}', 1, 2, 1, 1089, 0),
('202512171358582363', 'M0007', '203', '2025-12-17 13:58:58', 'I3,I4', '{\"M012\":{\"name\":\"薯條\",\"price\":90,\"quantity\":1,\"subtotal\":90}}', 1, 2, 3, 750, 0),
('ORD202412010001', 'M0001', 'S00101', '2025-12-04 10:30:00', 'A1,A2', '{\"M001\":{\"name\":\"大爆米花\",\"price\":150,\"quantity\":1,\"subtotal\":150},\"M003\":{\"name\":\"可口可樂(大)\",\"price\":70,\"quantity\":2,\"subtotal\":140}}', 0, 2, 1, 590, 123456),
('ORD202412010002', 'M0002', 'S00102', '2025-12-04 14:20:00', 'C5,C6,C7', '{\"M005\":{\"name\":\"雙人套餐A\",\"price\":299,\"quantity\":1,\"subtotal\":299}}', 0, 3, 1, 899, 234567),
('ORD202412010003', 'M0003', 'S00201', '2025-12-04 16:45:00', 'B3,B4', '', 0, 2, 1, 400, 345678);

-- --------------------------------------------------------

--
-- 資料表結構 `cinema`
--

CREATE TABLE `cinema` (
  `cinemaId` varchar(2) NOT NULL,
  `cinemaAddress` varchar(80) NOT NULL,
  `cinemaName` varchar(20) NOT NULL,
  `cinemaTele` varchar(15) NOT NULL,
  `cinemaImg` varchar(50) NOT NULL,
  `cinemaBusTwo` varchar(300) NOT NULL,
  `cinemaInfo` varchar(500) NOT NULL,
  `googleMap` varchar(150) NOT NULL
) ENGINE=InnoDB DEFAULT CHARSET=utf8mb4 COLLATE=utf8mb4_general_ci;

--
-- 傾印資料表的資料 `cinema`
--

INSERT INTO `cinema` (`cinemaId`, `cinemaAddress`, `cinemaName`, `cinemaTele`, `cinemaImg`, `cinemaBusTwo`, `cinemaInfo`, `googleMap`) VALUES
('01', '台北市信義區松壽路20號', '台北信義威秀影城', '02-8780-5566', 'cinema01.jpg', '捷運象山站步行10分鐘', '位於信義商圈核心的大型影城。', 'https://maps.google.com/xxx'),
('02', '新北市板橋區新站路28號', '板橋大遠百威秀影城', '02-2952-6789', 'cinema02.jpg', '板橋車站步行5分鐘', '交通便利，影廳數量多。', 'https://maps.google.com/yyy'),
('03', '新北市林口區文化三路一段356號', '林口威秀影城', '02-2608-1234', 'linkou.jpg', '公車直達三井outlet', '近三井outlet人氣影城。', 'https://maps.google.com/zzz'),
('04', '台中市西屯區台灣大道三段301號', '台中大遠百威秀影城', '04-2258-1345', 'taichung.jpg', '台中大遠百8樓', '台中人氣影城。', 'https://maps.google.com/abc'),
('05', '高雄市前鎮區中安路1號', '高雄大遠百威秀影城', '07-334-5566', 'kaohsiung.jpg', '捷運三多商圈站步行5分鐘', '南部規模最大威秀之一。', 'https://maps.google.com/def');

-- --------------------------------------------------------

--
-- 資料表結構 `grade`
--

CREATE TABLE `grade` (
  `gradeId` int(11) NOT NULL,
  `gradeName` varchar(10) NOT NULL
) ENGINE=InnoDB DEFAULT CHARSET=utf8mb4 COLLATE=utf8mb4_general_ci;

--
-- 傾印資料表的資料 `grade`
--

INSERT INTO `grade` (`gradeId`, `gradeName`) VALUES
(1, '普遍級'),
(2, '保護級'),
(3, '輔12'),
(4, '輔15'),
(5, '限制級');

-- --------------------------------------------------------

--
-- 資料表結構 `meals`
--

CREATE TABLE `meals` (
  `mealsId` varchar(10) NOT NULL,
  `mealsName` varchar(20) NOT NULL,
  `mealsPrice` varchar(10) NOT NULL,
  `mealsTypeId` varchar(10) NOT NULL,
  `mealsPhoto` varchar(20) DEFAULT NULL
) ENGINE=InnoDB DEFAULT CHARSET=utf8mb4 COLLATE=utf8mb4_general_ci;

--
-- 傾印資料表的資料 `meals`
--

INSERT INTO `meals` (`mealsId`, `mealsName`, `mealsPrice`, `mealsTypeId`, `mealsPhoto`) VALUES
('M001', '大爆米花', '150', 'T01', 'pop1.jpg'),
('M002', '中爆米花', '130', 'T01', 'pop2.jpg'),
('M003', '可口可樂(大)', '70', 'T02', 'cola1.jpg'),
('M004', '雪碧(大)', '70', 'T02', 'sprite.jpg'),
('M005', '雙人套餐A', '299', 'T03', 'setA.jpg'),
('M006', '雙人套餐B', '349', 'T03', 'setB.jpg'),
('M007', '小爆米花', '100', 'T01', 'pop3.jpg'),
('M008', '焦糖爆米花', '180', 'T01', 'pop4.jpg'),
('M009', '雪碧(中)', '60', 'T02', 'sprite2.jpg'),
('M010', '柳橙汁', '80', 'T02', 'orange.jpg'),
('M011', '熱狗', '120', 'T03', 'hotdog.jpg'),
('M012', '薯條', '90', 'T03', 'fries.jpg'),
('M013', '單人套餐', '199', 'T03', 'setC.jpg'),
('M014', '情侶套餐', '399', 'T03', 'setD.jpg');

-- --------------------------------------------------------

--
-- 資料表結構 `mealstype`
--

CREATE TABLE `mealstype` (
  `mealsTypeId` varchar(10) NOT NULL,
  `mealsTypeName` varchar(10) NOT NULL
) ENGINE=InnoDB DEFAULT CHARSET=utf8mb4 COLLATE=utf8mb4_general_ci;

--
-- 傾印資料表的資料 `mealstype`
--

INSERT INTO `mealstype` (`mealsTypeId`, `mealsTypeName`) VALUES
('T01', '爆米花'),
('T02', '飲料'),
('T03', '套餐');

-- --------------------------------------------------------

--
-- 資料表結構 `membercashcard`
--

CREATE TABLE `membercashcard` (
  `memberId` varchar(10) NOT NULL,
  `balance` int(11) NOT NULL
) ENGINE=InnoDB DEFAULT CHARSET=utf8mb4 COLLATE=utf8mb4_general_ci;

--
-- 傾印資料表的資料 `membercashcard`
--

INSERT INTO `membercashcard` (`memberId`, `balance`) VALUES
('M0001', 4052),
('M0002', 800),
('M0003', 2300),
('M0004', 1200),
('M0005', 99999),
('M0006', 4911),
('M0007', 4000);

-- --------------------------------------------------------

--
-- 資料表結構 `memberprofile`
--

CREATE TABLE `memberprofile` (
  `memberId` varchar(10) NOT NULL,
  `memberName` varchar(20) NOT NULL,
  `member` varchar(50) NOT NULL COMMENT '電子信箱',
  `memberPwd` varchar(50) NOT NULL,
  `memberPhone` varchar(10) NOT NULL,
  `memberBirth` varchar(10) NOT NULL,
  `memberPayAccount` varchar(14) NOT NULL,
  `memberConfirm` varchar(6) NOT NULL,
  `role_id` int(11) NOT NULL
) ENGINE=InnoDB DEFAULT CHARSET=utf8mb4 COLLATE=utf8mb4_general_ci;

--
-- 傾印資料表的資料 `memberprofile`
--

INSERT INTO `memberprofile` (`memberId`, `memberName`, `member`, `memberPwd`, `memberPhone`, `memberBirth`, `memberPayAccount`, `memberConfirm`, `role_id`) VALUES
('M0001', '王小明', 'ming123@gmail.com', 'pw1234', '0912345678', '2001-05-01', 'ACC0012345678', 'yes', 0),
('M0002', '陳美麗', 'meili88@gmail.com', 'abc5678', '0922333444', '2000-08-11', 'ACC0099441122', 'yes', 0),
('M0003', '張大偉', 'wei5566@gmail.com', 'xyz7788', '0933555666', '1999-01-22', 'ACC0077889900', 'yes', 0),
('M0004', '林育成', 'yucheng77@gmail.com', 'pass2020', '0988222666', '2002-09-07', 'ACC0033665599', 'yes', 0),
('M0005', '管理員', 'admin@weiyucinema.com', 'admin', '0900000000', '1990-01-01', 'ACC0000000001', 'yes', 1),
('M0006', 'eric', 'ericlin@gmail.com', '222222', '0912345678', '2021-02-15', 'ACC00000000005', 'yes', 0),
('M0007', 'wyl', '0001@gmail.com', '99999999', '0911111111', '2000-01-01', '0123456789000', 'yes', 0);

-- --------------------------------------------------------

--
-- 資料表結構 `movie`
--

CREATE TABLE `movie` (
  `movieId` int(11) NOT NULL,
  `movieName` varchar(35) NOT NULL,
  `movieTime` varchar(8) NOT NULL,
  `gradeId` int(11) NOT NULL,
  `movieStart` varchar(10) NOT NULL,
  `movieInfo` varchar(1000) NOT NULL,
  `movieTypeId` int(11) NOT NULL,
  `director` varchar(40) NOT NULL,
  `actors` varchar(100) DEFAULT NULL,
  `movieImg` varchar(150) NOT NULL
) ENGINE=InnoDB DEFAULT CHARSET=utf8mb4 COLLATE=utf8mb4_general_ci;

--
-- 傾印資料表的資料 `movie`
--

INSERT INTO `movie` (`movieId`, `movieName`, `movieTime`, `gradeId`, `movieStart`, `movieInfo`, `movieTypeId`, `director`, `actors`, `movieImg`) VALUES
(101, '沙丘：第二部', '166分鐘', 4, '2024-03-01', '保羅踏上命運旅程，全面對抗哈克南家族。', 1, 'Denis Villeneuve', 'Timothée Chalamet, Zendaya', 'movie101.jpg'),
(102, '可可夜總會', '105分鐘', 1, '2024-01-10', '一段關於家族與音樂的奇幻冒險旅程。', 3, 'Lee Unkrich', 'Anthony Gonzalez', 'movie102.jpg'),
(103, '航海王：紅髮歌姬', '115分鐘', 1, '2024-02-15', '路飛與歌姬烏塔的全新冒險。', 3, '谷口悟朗', '田中真弓, 名塚佳織', 'movie103.jpg'),
(104, '鬼修女2', '110分鐘', 5, '2024-05-13', '邪靈再臨，恐怖全面升級。', 5, 'Michael Chaves', 'Taissa Farmiga', 'nun2.jpg'),
(105, '芭比', '114分鐘', 1, '2024-07-21', '芭比踏入現實世界展開成長冒險。', 4, 'Greta Gerwig', 'Margot Robbie, Ryan Gosling', 'barbie.jpg'),
(111, '腦筋急轉彎 2', '96分鐘', 1, '2025-12-31', '萊莉進入青春期，大腦總部突然進行施工，為了給新情緒「焦焦」騰出空間！舊情緒們該如何應對？', 3, 'Kelsey Mann', 'Amy Poehler, Maya Hawke', 'insideout2.jpg');

-- --------------------------------------------------------

--
-- 資料表結構 `movietype`
--

CREATE TABLE `movietype` (
  `movieTypeId` int(11) NOT NULL,
  `movieTypeName` varchar(2) NOT NULL
) ENGINE=InnoDB DEFAULT CHARSET=utf8mb4 COLLATE=utf8mb4_general_ci;

--
-- 傾印資料表的資料 `movietype`
--

INSERT INTO `movietype` (`movieTypeId`, `movieTypeName`) VALUES
(1, '動作'),
(2, '愛情'),
(3, '動畫'),
(4, '劇情'),
(5, '驚悚');

-- --------------------------------------------------------

--
-- 資料表結構 `orderstatus`
--

CREATE TABLE `orderstatus` (
  `orderStatusId` int(11) NOT NULL,
  `orderStatusName` varchar(20) NOT NULL
) ENGINE=InnoDB DEFAULT CHARSET=utf8mb4 COLLATE=utf8mb4_general_ci;

--
-- 傾印資料表的資料 `orderstatus`
--

INSERT INTO `orderstatus` (`orderStatusId`, `orderStatusName`) VALUES
(1, '已完成'),
(2, '已取消'),
(3, '已退票'),
(4, '處理中');

-- --------------------------------------------------------

--
-- 資料表結構 `playversion`
--

CREATE TABLE `playversion` (
  `versionId` int(11) NOT NULL,
  `versionName` varchar(15) NOT NULL
) ENGINE=InnoDB DEFAULT CHARSET=utf8mb4 COLLATE=utf8mb4_general_ci;

--
-- 傾印資料表的資料 `playversion`
--

INSERT INTO `playversion` (`versionId`, `versionName`) VALUES
(1, '數位2D'),
(2, '數位3D'),
(3, 'IMAX'),
(4, 'Dolby Atmos');

-- --------------------------------------------------------

--
-- 資料表結構 `role`
--

CREATE TABLE `role` (
  `role_id` int(11) NOT NULL,
  `role_name` varchar(20) NOT NULL
) ENGINE=InnoDB DEFAULT CHARSET=utf8mb4 COLLATE=utf8mb4_general_ci;

--
-- 傾印資料表的資料 `role`
--

INSERT INTO `role` (`role_id`, `role_name`) VALUES
(0, '一般會員'),
(1, '管理者');

-- --------------------------------------------------------

--
-- 資料表結構 `seatcondition`
--

CREATE TABLE `seatcondition` (
  `showingId` varchar(6) NOT NULL,
  `seatNumber` varchar(10) NOT NULL,
  `seatEmpty` int(11) NOT NULL
) ENGINE=InnoDB DEFAULT CHARSET=utf8mb4 COLLATE=utf8mb4_general_ci;

--
-- 傾印資料表的資料 `seatcondition`
--

INSERT INTO `seatcondition` (`showingId`, `seatNumber`, `seatEmpty`) VALUES
('203', 'A1', 1),
('203', 'A10', 1),
('203', 'A2', 1),
('203', 'A3', 1),
('203', 'A4', 1),
('203', 'A5', 1),
('203', 'A6', 1),
('203', 'A7', 1),
('203', 'A8', 1),
('203', 'A9', 1),
('203', 'B1', 1),
('203', 'B10', 1),
('203', 'B2', 1),
('203', 'B3', 1),
('203', 'B4', 1),
('203', 'B5', 1),
('203', 'B6', 1),
('203', 'B7', 1),
('203', 'B8', 1),
('203', 'B9', 1),
('203', 'C1', 1),
('203', 'C10', 1),
('203', 'C2', 1),
('203', 'C3', 1),
('203', 'C4', 1),
('203', 'C5', 1),
('203', 'C6', 1),
('203', 'C7', 1),
('203', 'C8', 1),
('203', 'C9', 1),
('203', 'D1', 1),
('203', 'D10', 1),
('203', 'D2', 1),
('203', 'D3', 1),
('203', 'D4', 1),
('203', 'D5', 1),
('203', 'D6', 1),
('203', 'D7', 1),
('203', 'D8', 1),
('203', 'D9', 1),
('203', 'E1', 1),
('203', 'E10', 1),
('203', 'E2', 1),
('203', 'E3', 1),
('203', 'E4', 1),
('203', 'E5', 1),
('203', 'E6', 1),
('203', 'E7', 1),
('203', 'E8', 1),
('203', 'E9', 1),
('203', 'F1', 1),
('203', 'F10', 1),
('203', 'F2', 1),
('203', 'F3', 1),
('203', 'F4', 1),
('203', 'F5', 1),
('203', 'F6', 1),
('203', 'F7', 1),
('203', 'F8', 1),
('203', 'F9', 1),
('203', 'G1', 1),
('203', 'G10', 1),
('203', 'G2', 1),
('203', 'G3', 1),
('203', 'G4', 1),
('203', 'G5', 1),
('203', 'G6', 1),
('203', 'G7', 1),
('203', 'G8', 1),
('203', 'G9', 1),
('203', 'H1', 1),
('203', 'H10', 1),
('203', 'H2', 1),
('203', 'H3', 1),
('203', 'H4', 1),
('203', 'H5', 1),
('203', 'H6', 1),
('203', 'H7', 1),
('203', 'H8', 1),
('203', 'H9', 1),
('203', 'I1', 1),
('203', 'I10', 1),
('203', 'I2', 1),
('203', 'I3', 1),
('203', 'I4', 1),
('203', 'I5', 1),
('203', 'I6', 1),
('203', 'I7', 1),
('203', 'I8', 1),
('203', 'I9', 1),
('203', 'J1', 1),
('203', 'J10', 1),
('203', 'J2', 1),
('203', 'J3', 1),
('203', 'J4', 1),
('203', 'J5', 1),
('203', 'J6', 1),
('203', 'J7', 0),
('203', 'J8', 0),
('203', 'J9', 1),
('203', 'K1', 1),
('203', 'K10', 1),
('203', 'K2', 1),
('203', 'K3', 1),
('203', 'K4', 1),
('203', 'K5', 1),
('203', 'K6', 1),
('203', 'K7', 1),
('203', 'K8', 1),
('203', 'K9', 1),
('203', 'L1', 1),
('203', 'L10', 1),
('203', 'L2', 1),
('203', 'L3', 1),
('203', 'L4', 1),
('203', 'L5', 1),
('203', 'L6', 1),
('203', 'L7', 1),
('203', 'L8', 1),
('203', 'L9', 1),
('S00101', 'A1', 1),
('S00101', 'A10', 1),
('S00101', 'A2', 1),
('S00101', 'A3', 1),
('S00101', 'A4', 1),
('S00101', 'A5', 1),
('S00101', 'A6', 1),
('S00101', 'A7', 1),
('S00101', 'A8', 1),
('S00101', 'A9', 1),
('S00101', 'B1', 1),
('S00101', 'B10', 1),
('S00101', 'B2', 1),
('S00101', 'B3', 1),
('S00101', 'B4', 1),
('S00101', 'B5', 1),
('S00101', 'B6', 1),
('S00101', 'B7', 1),
('S00101', 'B8', 1),
('S00101', 'B9', 1),
('S00101', 'C1', 1),
('S00101', 'C10', 1),
('S00101', 'C2', 1),
('S00101', 'C3', 1),
('S00101', 'C4', 1),
('S00101', 'C5', 1),
('S00101', 'C6', 1),
('S00101', 'C7', 1),
('S00101', 'C8', 1),
('S00101', 'C9', 1),
('S00101', 'D1', 1),
('S00101', 'D10', 1),
('S00101', 'D2', 1),
('S00101', 'D3', 1),
('S00101', 'D4', 1),
('S00101', 'D5', 1),
('S00101', 'D6', 1),
('S00101', 'D7', 1),
('S00101', 'D8', 1),
('S00101', 'D9', 1),
('S00101', 'E1', 1),
('S00101', 'E10', 1),
('S00101', 'E2', 1),
('S00101', 'E3', 1),
('S00101', 'E4', 1),
('S00101', 'E5', 1),
('S00101', 'E6', 1),
('S00101', 'E7', 1),
('S00101', 'E8', 1),
('S00101', 'E9', 1),
('S00101', 'F1', 1),
('S00101', 'F10', 1),
('S00101', 'F2', 1),
('S00101', 'F3', 1),
('S00101', 'F4', 1),
('S00101', 'F5', 1),
('S00101', 'F6', 1),
('S00101', 'F7', 1),
('S00101', 'F8', 1),
('S00101', 'F9', 1),
('S00101', 'G1', 1),
('S00101', 'G10', 1),
('S00101', 'G2', 1),
('S00101', 'G3', 1),
('S00101', 'G4', 1),
('S00101', 'G5', 1),
('S00101', 'G6', 1),
('S00101', 'G7', 1),
('S00101', 'G8', 1),
('S00101', 'G9', 1),
('S00101', 'H1', 1),
('S00101', 'H10', 1),
('S00101', 'H2', 1),
('S00101', 'H3', 1),
('S00101', 'H4', 1),
('S00101', 'H5', 1),
('S00101', 'H6', 1),
('S00101', 'H7', 1),
('S00101', 'H8', 1),
('S00101', 'H9', 1),
('S00101', 'I1', 1),
('S00101', 'I10', 1),
('S00101', 'I2', 1),
('S00101', 'I3', 1),
('S00101', 'I4', 1),
('S00101', 'I5', 1),
('S00101', 'I6', 1),
('S00101', 'I7', 1),
('S00101', 'I8', 1),
('S00101', 'I9', 1),
('S00101', 'J1', 1),
('S00101', 'J10', 1),
('S00101', 'J2', 1),
('S00101', 'J3', 1),
('S00101', 'J4', 1),
('S00101', 'J5', 1),
('S00101', 'J6', 1),
('S00101', 'J7', 1),
('S00101', 'J8', 1),
('S00101', 'J9', 1),
('S00101', 'K1', 1),
('S00101', 'K10', 1),
('S00101', 'K2', 1),
('S00101', 'K3', 1),
('S00101', 'K4', 1),
('S00101', 'K5', 1),
('S00101', 'K6', 1),
('S00101', 'K7', 1),
('S00101', 'K8', 1),
('S00101', 'K9', 1),
('S00101', 'L1', 1),
('S00101', 'L10', 1),
('S00101', 'L2', 1),
('S00101', 'L3', 1),
('S00101', 'L4', 1),
('S00101', 'L5', 1),
('S00101', 'L6', 1),
('S00101', 'L7', 1),
('S00101', 'L8', 1),
('S00101', 'L9', 1),
('S00102', 'A1', 1),
('S00102', 'A10', 1),
('S00102', 'A2', 1),
('S00102', 'A3', 1),
('S00102', 'A4', 1),
('S00102', 'A5', 1),
('S00102', 'A6', 1),
('S00102', 'A7', 1),
('S00102', 'A8', 1),
('S00102', 'A9', 1),
('S00102', 'B1', 1),
('S00102', 'B10', 1),
('S00102', 'B2', 1),
('S00102', 'B3', 1),
('S00102', 'B4', 1),
('S00102', 'B5', 1),
('S00102', 'B6', 1),
('S00102', 'B7', 1),
('S00102', 'B8', 1),
('S00102', 'B9', 1),
('S00102', 'C1', 1),
('S00102', 'C10', 1),
('S00102', 'C2', 1),
('S00102', 'C3', 1),
('S00102', 'C4', 1),
('S00102', 'C5', 1),
('S00102', 'C6', 1),
('S00102', 'C7', 1),
('S00102', 'C8', 1),
('S00102', 'C9', 1),
('S00102', 'D1', 1),
('S00102', 'D10', 1),
('S00102', 'D2', 1),
('S00102', 'D3', 1),
('S00102', 'D4', 1),
('S00102', 'D5', 1),
('S00102', 'D6', 1),
('S00102', 'D7', 1),
('S00102', 'D8', 1),
('S00102', 'D9', 1),
('S00102', 'E1', 1),
('S00102', 'E10', 1),
('S00102', 'E2', 1),
('S00102', 'E3', 1),
('S00102', 'E4', 1),
('S00102', 'E5', 1),
('S00102', 'E6', 1),
('S00102', 'E7', 1),
('S00102', 'E8', 1),
('S00102', 'E9', 1),
('S00102', 'F1', 1),
('S00102', 'F10', 1),
('S00102', 'F2', 1),
('S00102', 'F3', 1),
('S00102', 'F4', 1),
('S00102', 'F5', 1),
('S00102', 'F6', 1),
('S00102', 'F7', 1),
('S00102', 'F8', 1),
('S00102', 'F9', 1),
('S00102', 'G1', 1),
('S00102', 'G10', 1),
('S00102', 'G2', 1),
('S00102', 'G3', 1),
('S00102', 'G4', 1),
('S00102', 'G5', 1),
('S00102', 'G6', 1),
('S00102', 'G7', 1),
('S00102', 'G8', 1),
('S00102', 'G9', 1),
('S00102', 'H1', 1),
('S00102', 'H10', 1),
('S00102', 'H2', 1),
('S00102', 'H3', 1),
('S00102', 'H4', 1),
('S00102', 'H5', 1),
('S00102', 'H6', 1),
('S00102', 'H7', 1),
('S00102', 'H8', 1),
('S00102', 'H9', 1),
('S00102', 'I1', 1),
('S00102', 'I10', 1),
('S00102', 'I2', 1),
('S00102', 'I3', 1),
('S00102', 'I4', 1),
('S00102', 'I5', 1),
('S00102', 'I6', 1),
('S00102', 'I7', 1),
('S00102', 'I8', 1),
('S00102', 'I9', 1),
('S00102', 'J1', 1),
('S00102', 'J10', 1),
('S00102', 'J2', 1),
('S00102', 'J3', 1),
('S00102', 'J4', 1),
('S00102', 'J5', 1),
('S00102', 'J6', 1),
('S00102', 'J7', 1),
('S00102', 'J8', 1),
('S00102', 'J9', 1),
('S00102', 'K1', 1),
('S00102', 'K10', 1),
('S00102', 'K2', 1),
('S00102', 'K3', 1),
('S00102', 'K4', 1),
('S00102', 'K5', 1),
('S00102', 'K6', 1),
('S00102', 'K7', 1),
('S00102', 'K8', 1),
('S00102', 'K9', 1),
('S00102', 'L1', 1),
('S00102', 'L10', 1),
('S00102', 'L2', 1),
('S00102', 'L3', 1),
('S00102', 'L4', 1),
('S00102', 'L5', 1),
('S00102', 'L6', 1),
('S00102', 'L7', 1),
('S00102', 'L8', 1),
('S00102', 'L9', 1),
('S00201', 'A1', 1),
('S00201', 'A10', 1),
('S00201', 'A2', 1),
('S00201', 'A3', 1),
('S00201', 'A4', 1),
('S00201', 'A5', 1),
('S00201', 'A6', 1),
('S00201', 'A7', 1),
('S00201', 'A8', 1),
('S00201', 'A9', 1),
('S00201', 'B1', 1),
('S00201', 'B10', 1),
('S00201', 'B2', 1),
('S00201', 'B3', 1),
('S00201', 'B4', 1),
('S00201', 'B5', 1),
('S00201', 'B6', 1),
('S00201', 'B7', 1),
('S00201', 'B8', 1),
('S00201', 'B9', 1),
('S00201', 'C1', 1),
('S00201', 'C10', 1),
('S00201', 'C2', 1),
('S00201', 'C3', 1),
('S00201', 'C4', 1),
('S00201', 'C5', 1),
('S00201', 'C6', 1),
('S00201', 'C7', 1),
('S00201', 'C8', 1),
('S00201', 'C9', 1),
('S00201', 'D1', 1),
('S00201', 'D10', 1),
('S00201', 'D2', 1),
('S00201', 'D3', 1),
('S00201', 'D4', 1),
('S00201', 'D5', 1),
('S00201', 'D6', 1),
('S00201', 'D7', 1),
('S00201', 'D8', 1),
('S00201', 'D9', 1),
('S00201', 'E1', 1),
('S00201', 'E10', 1),
('S00201', 'E2', 1),
('S00201', 'E3', 1),
('S00201', 'E4', 1),
('S00201', 'E5', 1),
('S00201', 'E6', 1),
('S00201', 'E7', 1),
('S00201', 'E8', 1),
('S00201', 'E9', 1),
('S00201', 'F1', 1),
('S00201', 'F10', 1),
('S00201', 'F2', 1),
('S00201', 'F3', 1),
('S00201', 'F4', 1),
('S00201', 'F5', 1),
('S00201', 'F6', 1),
('S00201', 'F7', 1),
('S00201', 'F8', 1),
('S00201', 'F9', 1),
('S00201', 'G1', 1),
('S00201', 'G10', 1),
('S00201', 'G2', 1),
('S00201', 'G3', 1),
('S00201', 'G4', 1),
('S00201', 'G5', 1),
('S00201', 'G6', 1),
('S00201', 'G7', 1),
('S00201', 'G8', 1),
('S00201', 'G9', 1),
('S00201', 'H1', 1),
('S00201', 'H10', 1),
('S00201', 'H2', 1),
('S00201', 'H3', 1),
('S00201', 'H4', 1),
('S00201', 'H5', 1),
('S00201', 'H6', 1),
('S00201', 'H7', 1),
('S00201', 'H8', 1),
('S00201', 'H9', 1),
('S00201', 'I1', 1),
('S00201', 'I10', 1),
('S00201', 'I2', 1),
('S00201', 'I3', 1),
('S00201', 'I4', 1),
('S00201', 'I5', 1),
('S00201', 'I6', 1),
('S00201', 'I7', 1),
('S00201', 'I8', 1),
('S00201', 'I9', 1),
('S00201', 'J1', 1),
('S00201', 'J10', 1),
('S00201', 'J2', 1),
('S00201', 'J3', 1),
('S00201', 'J4', 1),
('S00201', 'J5', 1),
('S00201', 'J6', 1),
('S00201', 'J7', 1),
('S00201', 'J8', 1),
('S00201', 'J9', 1),
('S00201', 'K1', 1),
('S00201', 'K10', 1),
('S00201', 'K2', 1),
('S00201', 'K3', 1),
('S00201', 'K4', 1),
('S00201', 'K5', 1),
('S00201', 'K6', 1),
('S00201', 'K7', 1),
('S00201', 'K8', 1),
('S00201', 'K9', 1),
('S00201', 'L1', 1),
('S00201', 'L10', 1),
('S00201', 'L2', 1),
('S00201', 'L3', 1),
('S00201', 'L4', 1),
('S00201', 'L5', 1),
('S00201', 'L6', 1),
('S00201', 'L7', 1),
('S00201', 'L8', 1),
('S00201', 'L9', 1),
('S00202', 'A1', 1),
('S00202', 'A10', 1),
('S00202', 'A2', 1),
('S00202', 'A3', 0),
('S00202', 'A4', 0),
('S00202', 'A5', 1),
('S00202', 'A6', 1),
('S00202', 'A7', 1),
('S00202', 'A8', 1),
('S00202', 'A9', 1),
('S00202', 'B1', 1),
('S00202', 'B10', 1),
('S00202', 'B2', 1),
('S00202', 'B3', 0),
('S00202', 'B4', 0),
('S00202', 'B5', 1),
('S00202', 'B6', 1),
('S00202', 'B7', 1),
('S00202', 'B8', 1),
('S00202', 'B9', 1),
('S00202', 'C1', 1),
('S00202', 'C10', 1),
('S00202', 'C2', 1),
('S00202', 'C3', 1),
('S00202', 'C4', 1),
('S00202', 'C5', 1),
('S00202', 'C6', 1),
('S00202', 'C7', 1),
('S00202', 'C8', 1),
('S00202', 'C9', 1),
('S00202', 'D1', 1),
('S00202', 'D10', 1),
('S00202', 'D2', 1),
('S00202', 'D3', 1),
('S00202', 'D4', 1),
('S00202', 'D5', 1),
('S00202', 'D6', 1),
('S00202', 'D7', 1),
('S00202', 'D8', 1),
('S00202', 'D9', 1),
('S00202', 'E1', 0),
('S00202', 'E10', 1),
('S00202', 'E2', 0),
('S00202', 'E3', 1),
('S00202', 'E4', 1),
('S00202', 'E5', 1),
('S00202', 'E6', 1),
('S00202', 'E7', 1),
('S00202', 'E8', 1),
('S00202', 'E9', 1),
('S00202', 'F1', 1),
('S00202', 'F10', 1),
('S00202', 'F2', 1),
('S00202', 'F3', 1),
('S00202', 'F4', 1),
('S00202', 'F5', 1),
('S00202', 'F6', 1),
('S00202', 'F7', 1),
('S00202', 'F8', 1),
('S00202', 'F9', 1),
('S00202', 'G1', 1),
('S00202', 'G10', 1),
('S00202', 'G2', 1),
('S00202', 'G3', 1),
('S00202', 'G4', 1),
('S00202', 'G5', 1),
('S00202', 'G6', 1),
('S00202', 'G7', 1),
('S00202', 'G8', 1),
('S00202', 'G9', 1),
('S00202', 'H1', 1),
('S00202', 'H10', 1),
('S00202', 'H2', 1),
('S00202', 'H3', 1),
('S00202', 'H4', 1),
('S00202', 'H5', 1),
('S00202', 'H6', 1),
('S00202', 'H7', 1),
('S00202', 'H8', 1),
('S00202', 'H9', 1),
('S00202', 'I1', 1),
('S00202', 'I10', 1),
('S00202', 'I2', 1),
('S00202', 'I3', 1),
('S00202', 'I4', 1),
('S00202', 'I5', 1),
('S00202', 'I6', 1),
('S00202', 'I7', 1),
('S00202', 'I8', 1),
('S00202', 'I9', 1),
('S00202', 'J1', 1),
('S00202', 'J10', 1),
('S00202', 'J2', 1),
('S00202', 'J3', 1),
('S00202', 'J4', 1),
('S00202', 'J5', 1),
('S00202', 'J6', 1),
('S00202', 'J7', 1),
('S00202', 'J8', 1),
('S00202', 'J9', 1),
('S00202', 'K1', 1),
('S00202', 'K10', 1),
('S00202', 'K2', 1),
('S00202', 'K3', 1),
('S00202', 'K4', 1),
('S00202', 'K5', 1),
('S00202', 'K6', 1),
('S00202', 'K7', 1),
('S00202', 'K8', 1),
('S00202', 'K9', 1),
('S00202', 'L1', 1),
('S00202', 'L10', 1),
('S00202', 'L2', 1),
('S00202', 'L3', 1),
('S00202', 'L4', 1),
('S00202', 'L5', 1),
('S00202', 'L6', 1),
('S00202', 'L7', 1),
('S00202', 'L8', 1),
('S00202', 'L9', 1),
('S00301', 'A1', 1),
('S00301', 'A10', 1),
('S00301', 'A2', 1),
('S00301', 'A3', 1),
('S00301', 'A4', 1),
('S00301', 'A5', 1),
('S00301', 'A6', 1),
('S00301', 'A7', 1),
('S00301', 'A8', 1),
('S00301', 'A9', 1),
('S00301', 'B1', 1),
('S00301', 'B10', 1),
('S00301', 'B2', 1),
('S00301', 'B3', 1),
('S00301', 'B4', 1),
('S00301', 'B5', 1),
('S00301', 'B6', 1),
('S00301', 'B7', 1),
('S00301', 'B8', 1),
('S00301', 'B9', 1),
('S00301', 'C1', 1),
('S00301', 'C10', 1),
('S00301', 'C2', 1),
('S00301', 'C3', 1),
('S00301', 'C4', 1),
('S00301', 'C5', 1),
('S00301', 'C6', 1),
('S00301', 'C7', 1),
('S00301', 'C8', 1),
('S00301', 'C9', 1),
('S00301', 'D1', 1),
('S00301', 'D10', 1),
('S00301', 'D2', 1),
('S00301', 'D3', 1),
('S00301', 'D4', 1),
('S00301', 'D5', 1),
('S00301', 'D6', 1),
('S00301', 'D7', 1),
('S00301', 'D8', 1),
('S00301', 'D9', 1),
('S00301', 'E1', 1),
('S00301', 'E10', 1),
('S00301', 'E2', 1),
('S00301', 'E3', 1),
('S00301', 'E4', 1),
('S00301', 'E5', 1),
('S00301', 'E6', 1),
('S00301', 'E7', 1),
('S00301', 'E8', 1),
('S00301', 'E9', 1),
('S00301', 'F1', 1),
('S00301', 'F10', 1),
('S00301', 'F2', 1),
('S00301', 'F3', 1),
('S00301', 'F4', 1),
('S00301', 'F5', 1),
('S00301', 'F6', 1),
('S00301', 'F7', 1),
('S00301', 'F8', 1),
('S00301', 'F9', 1),
('S00301', 'G1', 1),
('S00301', 'G10', 1),
('S00301', 'G2', 1),
('S00301', 'G3', 1),
('S00301', 'G4', 1),
('S00301', 'G5', 1),
('S00301', 'G6', 1),
('S00301', 'G7', 1),
('S00301', 'G8', 1),
('S00301', 'G9', 1),
('S00301', 'H1', 1),
('S00301', 'H10', 1),
('S00301', 'H2', 1),
('S00301', 'H3', 1),
('S00301', 'H4', 1),
('S00301', 'H5', 1),
('S00301', 'H6', 1),
('S00301', 'H7', 1),
('S00301', 'H8', 1),
('S00301', 'H9', 1),
('S00301', 'I1', 1),
('S00301', 'I10', 1),
('S00301', 'I2', 1),
('S00301', 'I3', 1),
('S00301', 'I4', 1),
('S00301', 'I5', 1),
('S00301', 'I6', 1),
('S00301', 'I7', 1),
('S00301', 'I8', 1),
('S00301', 'I9', 1),
('S00301', 'J1', 1),
('S00301', 'J10', 1),
('S00301', 'J2', 1),
('S00301', 'J3', 1),
('S00301', 'J4', 1),
('S00301', 'J5', 1),
('S00301', 'J6', 1),
('S00301', 'J7', 1),
('S00301', 'J8', 1),
('S00301', 'J9', 1),
('S00301', 'K1', 1),
('S00301', 'K10', 1),
('S00301', 'K2', 1),
('S00301', 'K3', 1),
('S00301', 'K4', 1),
('S00301', 'K5', 1),
('S00301', 'K6', 1),
('S00301', 'K7', 1),
('S00301', 'K8', 1),
('S00301', 'K9', 1),
('S00301', 'L1', 1),
('S00301', 'L10', 1),
('S00301', 'L2', 1),
('S00301', 'L3', 1),
('S00301', 'L4', 1),
('S00301', 'L5', 1),
('S00301', 'L6', 1),
('S00301', 'L7', 1),
('S00301', 'L8', 1),
('S00301', 'L9', 1),
('S00302', 'A1', 1),
('S00302', 'A10', 1),
('S00302', 'A2', 1),
('S00302', 'A3', 1),
('S00302', 'A4', 1),
('S00302', 'A5', 1),
('S00302', 'A6', 1),
('S00302', 'A7', 1),
('S00302', 'A8', 1),
('S00302', 'A9', 1),
('S00302', 'B1', 1),
('S00302', 'B10', 1),
('S00302', 'B2', 1),
('S00302', 'B3', 1),
('S00302', 'B4', 1),
('S00302', 'B5', 1),
('S00302', 'B6', 1),
('S00302', 'B7', 1),
('S00302', 'B8', 1),
('S00302', 'B9', 1),
('S00302', 'C1', 1),
('S00302', 'C10', 1),
('S00302', 'C2', 1),
('S00302', 'C3', 1),
('S00302', 'C4', 1),
('S00302', 'C5', 1),
('S00302', 'C6', 1),
('S00302', 'C7', 1),
('S00302', 'C8', 1),
('S00302', 'C9', 1),
('S00302', 'D1', 1),
('S00302', 'D10', 1),
('S00302', 'D2', 1),
('S00302', 'D3', 1),
('S00302', 'D4', 1),
('S00302', 'D5', 1),
('S00302', 'D6', 1),
('S00302', 'D7', 1),
('S00302', 'D8', 1),
('S00302', 'D9', 1),
('S00302', 'E1', 1),
('S00302', 'E10', 1),
('S00302', 'E2', 1),
('S00302', 'E3', 1),
('S00302', 'E4', 1),
('S00302', 'E5', 1),
('S00302', 'E6', 1),
('S00302', 'E7', 1),
('S00302', 'E8', 1),
('S00302', 'E9', 1),
('S00302', 'F1', 1),
('S00302', 'F10', 1),
('S00302', 'F2', 1),
('S00302', 'F3', 1),
('S00302', 'F4', 1),
('S00302', 'F5', 1),
('S00302', 'F6', 1),
('S00302', 'F7', 1),
('S00302', 'F8', 1),
('S00302', 'F9', 1),
('S00302', 'G1', 1),
('S00302', 'G10', 1),
('S00302', 'G2', 1),
('S00302', 'G3', 1),
('S00302', 'G4', 1),
('S00302', 'G5', 1),
('S00302', 'G6', 1),
('S00302', 'G7', 1),
('S00302', 'G8', 1),
('S00302', 'G9', 1),
('S00302', 'H1', 1),
('S00302', 'H10', 1),
('S00302', 'H2', 1),
('S00302', 'H3', 1),
('S00302', 'H4', 1),
('S00302', 'H5', 1),
('S00302', 'H6', 1),
('S00302', 'H7', 1),
('S00302', 'H8', 1),
('S00302', 'H9', 1),
('S00302', 'I1', 1),
('S00302', 'I10', 1),
('S00302', 'I2', 1),
('S00302', 'I3', 1),
('S00302', 'I4', 1),
('S00302', 'I5', 1),
('S00302', 'I6', 1),
('S00302', 'I7', 1),
('S00302', 'I8', 1),
('S00302', 'I9', 1),
('S00302', 'J1', 1),
('S00302', 'J10', 1),
('S00302', 'J2', 1),
('S00302', 'J3', 1),
('S00302', 'J4', 1),
('S00302', 'J5', 1),
('S00302', 'J6', 1),
('S00302', 'J7', 1),
('S00302', 'J8', 1),
('S00302', 'J9', 1),
('S00302', 'K1', 1),
('S00302', 'K10', 1),
('S00302', 'K2', 1),
('S00302', 'K3', 1),
('S00302', 'K4', 1),
('S00302', 'K5', 1),
('S00302', 'K6', 1),
('S00302', 'K7', 1),
('S00302', 'K8', 1),
('S00302', 'K9', 1),
('S00302', 'L1', 1),
('S00302', 'L10', 1),
('S00302', 'L2', 1),
('S00302', 'L3', 1),
('S00302', 'L4', 1),
('S00302', 'L5', 1),
('S00302', 'L6', 1),
('S00302', 'L7', 1),
('S00302', 'L8', 1),
('S00302', 'L9', 1),
('S00401', 'A1', 1),
('S00401', 'A10', 1),
('S00401', 'A2', 1),
('S00401', 'A3', 1),
('S00401', 'A4', 1),
('S00401', 'A5', 1),
('S00401', 'A6', 1),
('S00401', 'A7', 1),
('S00401', 'A8', 1),
('S00401', 'A9', 1),
('S00401', 'B1', 1),
('S00401', 'B10', 1),
('S00401', 'B2', 1),
('S00401', 'B3', 1),
('S00401', 'B4', 1),
('S00401', 'B5', 1),
('S00401', 'B6', 1),
('S00401', 'B7', 1),
('S00401', 'B8', 1),
('S00401', 'B9', 1),
('S00401', 'C1', 1),
('S00401', 'C10', 1),
('S00401', 'C2', 1),
('S00401', 'C3', 1),
('S00401', 'C4', 1),
('S00401', 'C5', 1),
('S00401', 'C6', 1),
('S00401', 'C7', 1),
('S00401', 'C8', 1),
('S00401', 'C9', 1),
('S00401', 'D1', 1),
('S00401', 'D10', 1),
('S00401', 'D2', 1),
('S00401', 'D3', 1),
('S00401', 'D4', 1),
('S00401', 'D5', 1),
('S00401', 'D6', 1),
('S00401', 'D7', 1),
('S00401', 'D8', 1),
('S00401', 'D9', 1),
('S00401', 'E1', 1),
('S00401', 'E10', 1),
('S00401', 'E2', 1),
('S00401', 'E3', 1),
('S00401', 'E4', 1),
('S00401', 'E5', 1),
('S00401', 'E6', 1),
('S00401', 'E7', 1),
('S00401', 'E8', 1),
('S00401', 'E9', 1),
('S00401', 'F1', 1),
('S00401', 'F10', 1),
('S00401', 'F2', 1),
('S00401', 'F3', 1),
('S00401', 'F4', 1),
('S00401', 'F5', 1),
('S00401', 'F6', 1),
('S00401', 'F7', 1),
('S00401', 'F8', 1),
('S00401', 'F9', 1),
('S00401', 'G1', 1),
('S00401', 'G10', 1),
('S00401', 'G2', 1),
('S00401', 'G3', 1),
('S00401', 'G4', 1),
('S00401', 'G5', 1),
('S00401', 'G6', 1),
('S00401', 'G7', 1),
('S00401', 'G8', 1),
('S00401', 'G9', 1),
('S00401', 'H1', 1),
('S00401', 'H10', 1),
('S00401', 'H2', 1),
('S00401', 'H3', 1),
('S00401', 'H4', 1),
('S00401', 'H5', 1),
('S00401', 'H6', 1),
('S00401', 'H7', 1),
('S00401', 'H8', 1),
('S00401', 'H9', 1),
('S00401', 'I1', 1),
('S00401', 'I10', 1),
('S00401', 'I2', 1),
('S00401', 'I3', 1),
('S00401', 'I4', 1),
('S00401', 'I5', 1),
('S00401', 'I6', 1),
('S00401', 'I7', 1),
('S00401', 'I8', 1),
('S00401', 'I9', 1),
('S00401', 'J1', 1),
('S00401', 'J10', 1),
('S00401', 'J2', 1),
('S00401', 'J3', 1),
('S00401', 'J4', 1),
('S00401', 'J5', 1),
('S00401', 'J6', 1),
('S00401', 'J7', 1),
('S00401', 'J8', 1),
('S00401', 'J9', 1),
('S00401', 'K1', 1),
('S00401', 'K10', 1),
('S00401', 'K2', 1),
('S00401', 'K3', 1),
('S00401', 'K4', 1),
('S00401', 'K5', 1),
('S00401', 'K6', 1),
('S00401', 'K7', 1),
('S00401', 'K8', 1),
('S00401', 'K9', 1),
('S00401', 'L1', 1),
('S00401', 'L10', 1),
('S00401', 'L2', 1),
('S00401', 'L3', 1),
('S00401', 'L4', 1),
('S00401', 'L5', 1),
('S00401', 'L6', 1),
('S00401', 'L7', 1),
('S00401', 'L8', 1),
('S00401', 'L9', 1),
('S00402', 'A1', 1),
('S00402', 'A10', 1),
('S00402', 'A2', 1),
('S00402', 'A3', 1),
('S00402', 'A4', 1),
('S00402', 'A5', 1),
('S00402', 'A6', 1),
('S00402', 'A7', 1),
('S00402', 'A8', 1),
('S00402', 'A9', 1),
('S00402', 'B1', 1),
('S00402', 'B10', 1),
('S00402', 'B2', 1),
('S00402', 'B3', 1),
('S00402', 'B4', 1),
('S00402', 'B5', 1),
('S00402', 'B6', 1),
('S00402', 'B7', 1),
('S00402', 'B8', 1),
('S00402', 'B9', 1),
('S00402', 'C1', 1),
('S00402', 'C10', 1),
('S00402', 'C2', 1),
('S00402', 'C3', 1),
('S00402', 'C4', 1),
('S00402', 'C5', 1),
('S00402', 'C6', 1),
('S00402', 'C7', 1),
('S00402', 'C8', 1),
('S00402', 'C9', 1),
('S00402', 'D1', 1),
('S00402', 'D10', 1),
('S00402', 'D2', 1),
('S00402', 'D3', 1),
('S00402', 'D4', 1),
('S00402', 'D5', 1),
('S00402', 'D6', 1),
('S00402', 'D7', 1),
('S00402', 'D8', 1),
('S00402', 'D9', 1),
('S00402', 'E1', 1),
('S00402', 'E10', 1),
('S00402', 'E2', 1),
('S00402', 'E3', 1),
('S00402', 'E4', 1),
('S00402', 'E5', 1),
('S00402', 'E6', 1),
('S00402', 'E7', 1),
('S00402', 'E8', 1),
('S00402', 'E9', 1),
('S00402', 'F1', 1),
('S00402', 'F10', 1),
('S00402', 'F2', 1),
('S00402', 'F3', 1),
('S00402', 'F4', 1),
('S00402', 'F5', 1),
('S00402', 'F6', 1),
('S00402', 'F7', 1),
('S00402', 'F8', 1),
('S00402', 'F9', 1),
('S00402', 'G1', 1),
('S00402', 'G10', 1),
('S00402', 'G2', 1),
('S00402', 'G3', 1),
('S00402', 'G4', 1),
('S00402', 'G5', 1),
('S00402', 'G6', 1),
('S00402', 'G7', 1),
('S00402', 'G8', 1),
('S00402', 'G9', 1),
('S00402', 'H1', 1),
('S00402', 'H10', 1),
('S00402', 'H2', 1),
('S00402', 'H3', 1),
('S00402', 'H4', 1),
('S00402', 'H5', 1),
('S00402', 'H6', 1),
('S00402', 'H7', 1),
('S00402', 'H8', 1),
('S00402', 'H9', 1),
('S00402', 'I1', 1),
('S00402', 'I10', 1),
('S00402', 'I2', 1),
('S00402', 'I3', 1),
('S00402', 'I4', 1),
('S00402', 'I5', 1),
('S00402', 'I6', 1),
('S00402', 'I7', 1),
('S00402', 'I8', 1),
('S00402', 'I9', 1),
('S00402', 'J1', 1),
('S00402', 'J10', 1),
('S00402', 'J2', 1),
('S00402', 'J3', 1),
('S00402', 'J4', 1),
('S00402', 'J5', 1),
('S00402', 'J6', 1),
('S00402', 'J7', 1),
('S00402', 'J8', 1),
('S00402', 'J9', 1),
('S00402', 'K1', 1),
('S00402', 'K10', 1),
('S00402', 'K2', 1),
('S00402', 'K3', 1),
('S00402', 'K4', 1),
('S00402', 'K5', 1),
('S00402', 'K6', 1),
('S00402', 'K7', 1),
('S00402', 'K8', 1),
('S00402', 'K9', 1),
('S00402', 'L1', 1),
('S00402', 'L10', 1),
('S00402', 'L2', 1),
('S00402', 'L3', 1),
('S00402', 'L4', 1),
('S00402', 'L5', 1),
('S00402', 'L6', 1),
('S00402', 'L7', 1),
('S00402', 'L8', 1),
('S00402', 'L9', 1),
('S00501', 'A1', 1),
('S00501', 'A10', 1),
('S00501', 'A2', 1),
('S00501', 'A3', 1),
('S00501', 'A4', 1),
('S00501', 'A5', 1),
('S00501', 'A6', 1),
('S00501', 'A7', 1),
('S00501', 'A8', 1),
('S00501', 'A9', 1),
('S00501', 'B1', 1),
('S00501', 'B10', 1),
('S00501', 'B2', 1),
('S00501', 'B3', 1),
('S00501', 'B4', 1),
('S00501', 'B5', 1),
('S00501', 'B6', 1),
('S00501', 'B7', 1),
('S00501', 'B8', 1),
('S00501', 'B9', 1),
('S00501', 'C1', 1),
('S00501', 'C10', 1),
('S00501', 'C2', 1),
('S00501', 'C3', 1),
('S00501', 'C4', 1),
('S00501', 'C5', 1),
('S00501', 'C6', 1),
('S00501', 'C7', 1),
('S00501', 'C8', 1),
('S00501', 'C9', 1),
('S00501', 'D1', 1),
('S00501', 'D10', 1),
('S00501', 'D2', 1),
('S00501', 'D3', 1),
('S00501', 'D4', 1),
('S00501', 'D5', 1),
('S00501', 'D6', 1),
('S00501', 'D7', 1),
('S00501', 'D8', 1),
('S00501', 'D9', 1),
('S00501', 'E1', 1),
('S00501', 'E10', 1),
('S00501', 'E2', 1),
('S00501', 'E3', 1),
('S00501', 'E4', 1),
('S00501', 'E5', 1),
('S00501', 'E6', 1),
('S00501', 'E7', 1),
('S00501', 'E8', 1),
('S00501', 'E9', 1),
('S00501', 'F1', 1),
('S00501', 'F10', 1),
('S00501', 'F2', 1),
('S00501', 'F3', 1),
('S00501', 'F4', 1),
('S00501', 'F5', 1),
('S00501', 'F6', 1),
('S00501', 'F7', 1),
('S00501', 'F8', 1),
('S00501', 'F9', 1),
('S00501', 'G1', 1),
('S00501', 'G10', 1),
('S00501', 'G2', 1),
('S00501', 'G3', 1),
('S00501', 'G4', 1),
('S00501', 'G5', 1),
('S00501', 'G6', 1),
('S00501', 'G7', 1),
('S00501', 'G8', 1),
('S00501', 'G9', 1),
('S00501', 'H1', 1),
('S00501', 'H10', 1),
('S00501', 'H2', 1),
('S00501', 'H3', 1),
('S00501', 'H4', 1),
('S00501', 'H5', 1),
('S00501', 'H6', 1),
('S00501', 'H7', 1),
('S00501', 'H8', 1),
('S00501', 'H9', 1),
('S00501', 'I1', 1),
('S00501', 'I10', 1),
('S00501', 'I2', 1),
('S00501', 'I3', 1),
('S00501', 'I4', 1),
('S00501', 'I5', 1),
('S00501', 'I6', 1),
('S00501', 'I7', 1),
('S00501', 'I8', 1),
('S00501', 'I9', 1),
('S00501', 'J1', 1),
('S00501', 'J10', 1),
('S00501', 'J2', 1),
('S00501', 'J3', 1),
('S00501', 'J4', 1),
('S00501', 'J5', 1),
('S00501', 'J6', 1),
('S00501', 'J7', 1),
('S00501', 'J8', 1),
('S00501', 'J9', 1),
('S00501', 'K1', 1),
('S00501', 'K10', 1),
('S00501', 'K2', 1),
('S00501', 'K3', 1),
('S00501', 'K4', 1),
('S00501', 'K5', 1),
('S00501', 'K6', 1),
('S00501', 'K7', 1),
('S00501', 'K8', 1),
('S00501', 'K9', 1),
('S00501', 'L1', 1),
('S00501', 'L10', 1),
('S00501', 'L2', 1),
('S00501', 'L3', 1),
('S00501', 'L4', 1),
('S00501', 'L5', 1),
('S00501', 'L6', 1),
('S00501', 'L7', 1),
('S00501', 'L8', 1),
('S00501', 'L9', 1),
('S00502', 'A1', 1),
('S00502', 'A10', 1),
('S00502', 'A2', 1),
('S00502', 'A3', 1),
('S00502', 'A4', 1),
('S00502', 'A5', 1),
('S00502', 'A6', 1),
('S00502', 'A7', 1),
('S00502', 'A8', 1),
('S00502', 'A9', 1),
('S00502', 'B1', 1),
('S00502', 'B10', 1),
('S00502', 'B2', 1),
('S00502', 'B3', 1),
('S00502', 'B4', 1),
('S00502', 'B5', 1),
('S00502', 'B6', 1),
('S00502', 'B7', 1),
('S00502', 'B8', 1),
('S00502', 'B9', 1),
('S00502', 'C1', 1),
('S00502', 'C10', 1),
('S00502', 'C2', 1),
('S00502', 'C3', 1),
('S00502', 'C4', 1),
('S00502', 'C5', 1),
('S00502', 'C6', 1),
('S00502', 'C7', 1),
('S00502', 'C8', 1),
('S00502', 'C9', 1),
('S00502', 'D1', 1),
('S00502', 'D10', 1),
('S00502', 'D2', 1),
('S00502', 'D3', 1),
('S00502', 'D4', 1),
('S00502', 'D5', 1),
('S00502', 'D6', 1),
('S00502', 'D7', 1),
('S00502', 'D8', 1),
('S00502', 'D9', 1),
('S00502', 'E1', 1),
('S00502', 'E10', 1),
('S00502', 'E2', 1),
('S00502', 'E3', 1),
('S00502', 'E4', 1),
('S00502', 'E5', 1),
('S00502', 'E6', 1),
('S00502', 'E7', 1),
('S00502', 'E8', 1),
('S00502', 'E9', 1),
('S00502', 'F1', 1),
('S00502', 'F10', 1),
('S00502', 'F2', 1),
('S00502', 'F3', 1),
('S00502', 'F4', 1),
('S00502', 'F5', 1),
('S00502', 'F6', 1),
('S00502', 'F7', 1),
('S00502', 'F8', 1),
('S00502', 'F9', 1),
('S00502', 'G1', 1),
('S00502', 'G10', 1),
('S00502', 'G2', 1),
('S00502', 'G3', 1),
('S00502', 'G4', 1),
('S00502', 'G5', 1),
('S00502', 'G6', 1),
('S00502', 'G7', 1),
('S00502', 'G8', 1),
('S00502', 'G9', 1),
('S00502', 'H1', 1),
('S00502', 'H10', 1),
('S00502', 'H2', 1),
('S00502', 'H3', 1),
('S00502', 'H4', 1),
('S00502', 'H5', 1),
('S00502', 'H6', 1),
('S00502', 'H7', 1),
('S00502', 'H8', 1),
('S00502', 'H9', 1),
('S00502', 'I1', 1),
('S00502', 'I10', 1),
('S00502', 'I2', 1),
('S00502', 'I3', 1),
('S00502', 'I4', 1),
('S00502', 'I5', 1),
('S00502', 'I6', 1),
('S00502', 'I7', 1),
('S00502', 'I8', 1),
('S00502', 'I9', 1),
('S00502', 'J1', 1),
('S00502', 'J10', 1),
('S00502', 'J2', 1),
('S00502', 'J3', 1),
('S00502', 'J4', 1),
('S00502', 'J5', 1),
('S00502', 'J6', 1),
('S00502', 'J7', 1),
('S00502', 'J8', 1),
('S00502', 'J9', 1),
('S00502', 'K1', 1),
('S00502', 'K10', 1),
('S00502', 'K2', 1),
('S00502', 'K3', 1),
('S00502', 'K4', 1),
('S00502', 'K5', 1),
('S00502', 'K6', 1),
('S00502', 'K7', 1),
('S00502', 'K8', 1),
('S00502', 'K9', 1),
('S00502', 'L1', 1),
('S00502', 'L10', 1),
('S00502', 'L2', 1),
('S00502', 'L3', 1),
('S00502', 'L4', 1),
('S00502', 'L5', 1),
('S00502', 'L6', 1),
('S00502', 'L7', 1),
('S00502', 'L8', 1),
('S00502', 'L9', 1);

-- --------------------------------------------------------

--
-- 資料表結構 `showing`
--

CREATE TABLE `showing` (
  `showingId` varchar(6) NOT NULL,
  `movieId` int(11) NOT NULL,
  `theaterId` varchar(6) NOT NULL,
  `versionId` int(11) NOT NULL,
  `showingDate` varchar(10) NOT NULL,
  `startTime` varchar(5) NOT NULL
) ENGINE=InnoDB DEFAULT CHARSET=utf8mb4 COLLATE=utf8mb4_general_ci;

--
-- 傾印資料表的資料 `showing`
--

INSERT INTO `showing` (`showingId`, `movieId`, `theaterId`, `versionId`, `showingDate`, `startTime`) VALUES
('203', 111, '01A01', 1, '2025-12-31', '14:30'),
('S00101', 101, '01A01', 1, '2025-12-04', '14:00'),
('S00102', 101, '01A02', 3, '2025-12-05', '19:00'),
('S00201', 102, '02A01', 1, '2025-12-04', '13:30'),
('S00202', 102, '02A02', 4, '2025-12-05', '18:20'),
('S00301', 103, '03A01', 1, '2025-12-04', '15:10'),
('S00302', 103, '03A02', 2, '2025-12-05', '20:00'),
('S00401', 104, '04A01', 1, '2025-12-06', '16:40'),
('S00402', 104, '04A02', 3, '2025-12-07', '21:10'),
('S00501', 105, '05A01', 1, '2025-12-06', '12:50'),
('S00502', 105, '05A02', 4, '2025-12-07', '17:30');

-- --------------------------------------------------------

--
-- 資料表結構 `theater`
--

CREATE TABLE `theater` (
  `theaterId` varchar(6) NOT NULL,
  `cinemaId` varchar(10) NOT NULL,
  `theaterName` varchar(30) NOT NULL,
  `seatNumber` int(11) NOT NULL
) ENGINE=InnoDB DEFAULT CHARSET=utf8mb4 COLLATE=utf8mb4_general_ci;

--
-- 傾印資料表的資料 `theater`
--

INSERT INTO `theater` (`theaterId`, `cinemaId`, `theaterName`, `seatNumber`) VALUES
('01A01', '01', '1廳', 120),
('01A02', '01', '2廳', 150),
('02A01', '02', '1廳', 110),
('02A02', '02', '2廳', 140),
('03A01', '03', '1廳', 100),
('03A02', '03', '2廳', 130),
('04A01', '04', '1廳', 160),
('04A02', '04', '2廳', 200),
('05A01', '05', '1廳', 140),
('05A02', '05', '2廳', 180);

-- --------------------------------------------------------

--
-- 資料表結構 `ticketclass`
--

CREATE TABLE `ticketclass` (
  `ticketClassId` int(11) NOT NULL,
  `ticketClassName` varchar(10) NOT NULL,
  `ticketClassPrice` int(11) NOT NULL,
  `ticketTypeId` int(11) NOT NULL
) ENGINE=InnoDB DEFAULT CHARSET=utf8mb4 COLLATE=utf8mb4_general_ci;

--
-- 傾印資料表的資料 `ticketclass`
--

INSERT INTO `ticketclass` (`ticketClassId`, `ticketClassName`, `ticketClassPrice`, `ticketTypeId`) VALUES
(1, '全票', 330, 0),
(2, '優待票', 280, 1),
(3, '敬老票', 250, 1);

-- --------------------------------------------------------

--
-- 資料表結構 `tickettype`
--

CREATE TABLE `tickettype` (
  `ticketTypeId` int(11) NOT NULL,
  `ticketTypeName` varchar(3) NOT NULL
) ENGINE=InnoDB DEFAULT CHARSET=utf8mb4 COLLATE=utf8mb4_general_ci;

--
-- 傾印資料表的資料 `tickettype`
--

INSERT INTO `tickettype` (`ticketTypeId`, `ticketTypeName`) VALUES
(0, '一般票'),
(1, '特殊票');

-- --------------------------------------------------------

--
-- 資料表結構 `topuptransaction`
--

CREATE TABLE `topuptransaction` (
  `transactionId` varchar(20) NOT NULL COMMENT '交易編號',
  `memberId` varchar(10) NOT NULL COMMENT '會員ID',
  `transactionType` varchar(20) NOT NULL COMMENT '交易類型 (TOPUP/PAYMENT)',
  `amount` int(11) NOT NULL COMMENT '金額',
  `balanceBefore` int(11) NOT NULL COMMENT '交易前餘額',
  `balanceAfter` int(11) NOT NULL COMMENT '交易後餘額',
  `description` varchar(255) DEFAULT NULL COMMENT '交易描述',
  `status` varchar(20) DEFAULT 'SUCCESS' COMMENT '狀態',
  `transactionDate` timestamp NOT NULL DEFAULT current_timestamp() COMMENT '交易時間'
) ENGINE=InnoDB DEFAULT CHARSET=utf8mb4 COLLATE=utf8mb4_general_ci;

--
-- 傾印資料表的資料 `topuptransaction`
--

INSERT INTO `topuptransaction` (`transactionId`, `memberId`, `transactionType`, `amount`, `balanceBefore`, `balanceAfter`, `description`, `status`, `transactionDate`) VALUES
('R20251210727', 'M0001', 'REFUND', 330, 1621, 1951, '退票退款 - 訂單號: 202512101405085556', 'SUCCESS', '2025-12-10 13:38:44'),
('R20251215411', 'M0006', 'REFUND', 860, 140, 1000, '退票退款 - 訂單號: 202512151533491856', 'SUCCESS', '2025-12-15 14:34:32'),
('R20251215431', 'M0006', 'REFUND', 890, 5110, 6000, '退票退款 - 訂單號: 202512151846409357', 'SUCCESS', '2025-12-15 17:47:14'),
('R20251215821', 'M0006', 'REFUND', 890, 4450, 5340, '退票退款 - 訂單號: 202512151808479562', 'SUCCESS', '2025-12-15 17:38:23'),
('R20251215915', 'M0006', 'REFUND', 660, 5340, 6000, '退票退款 - 訂單號: 202512151625181270', 'SUCCESS', '2025-12-15 17:38:45'),
('R20251217014', 'M0007', 'REFUND', 750, 3250, 4000, '退票退款 - 訂單號: 202512171358582363', 'SUCCESS', '2025-12-17 13:03:22'),
('T20251210143216843', 'M0001', 'TOPUP', 1000, 80, 1080, '線上儲值 ()', 'SUCCESS', '2025-12-10 13:32:16'),
('T20251210143357599', 'M0001', 'TOPUP', 1000, 1080, 2080, '線上儲值 (未指定)', 'SUCCESS', '2025-12-10 13:33:57'),
('T20251210143410233', 'M0001', 'TOPUP', 1000, 2080, 3080, '線上儲值 (未指定)', 'SUCCESS', '2025-12-10 13:34:10'),
('T20251210144648287', 'M0001', 'TOPUP', 1000, 1951, 2951, '線上儲值 (未指定)', 'SUCCESS', '2025-12-10 13:46:48'),
('T20251210145536285', 'M0001', 'TOPUP', 2000, 2052, 4052, '線上儲值 (未指定)', 'SUCCESS', '2025-12-10 13:55:36'),
('T20251215153240532', 'M0006', 'TOPUP', 1000, 0, 1000, '線上儲值 (未指定)', 'SUCCESS', '2025-12-15 14:32:40'),
('T20251215180836468', 'M0006', 'TOPUP', 5000, 340, 5340, '線上儲值 (未指定)', 'SUCCESS', '2025-12-15 17:08:36'),
('T20251217134725591', 'M0007', 'TOPUP', 2000, 0, 2000, '線上儲值 (未指定)', 'SUCCESS', '2025-12-17 12:47:25'),
('T20251217134755960', 'M0007', 'TOPUP', 2000, 2000, 4000, '線上儲值 (未指定)', 'SUCCESS', '2025-12-17 12:47:55');

--
-- 已傾印資料表的索引
--

--
-- 資料表索引 `bookingrecord`
--
ALTER TABLE `bookingrecord`
  ADD PRIMARY KEY (`orderNumber`),
  ADD KEY `memberId` (`memberId`),
  ADD KEY `showingId` (`showingId`),
  ADD KEY `ticketTypeId` (`ticketTypeId`),
  ADD KEY `orderStatusId` (`orderStatusId`);

--
-- 資料表索引 `cinema`
--
ALTER TABLE `cinema`
  ADD PRIMARY KEY (`cinemaId`);

--
-- 資料表索引 `grade`
--
ALTER TABLE `grade`
  ADD PRIMARY KEY (`gradeId`);

--
-- 資料表索引 `meals`
--
ALTER TABLE `meals`
  ADD PRIMARY KEY (`mealsId`),
  ADD KEY `mealsTypeId` (`mealsTypeId`);

--
-- 資料表索引 `mealstype`
--
ALTER TABLE `mealstype`
  ADD PRIMARY KEY (`mealsTypeId`);

--
-- 資料表索引 `membercashcard`
--
ALTER TABLE `membercashcard`
  ADD PRIMARY KEY (`memberId`);

--
-- 資料表索引 `memberprofile`
--
ALTER TABLE `memberprofile`
  ADD PRIMARY KEY (`memberId`),
  ADD KEY `role_id` (`role_id`);

--
-- 資料表索引 `movie`
--
ALTER TABLE `movie`
  ADD PRIMARY KEY (`movieId`),
  ADD KEY `gradeId` (`gradeId`),
  ADD KEY `movieTypeId` (`movieTypeId`);

--
-- 資料表索引 `movietype`
--
ALTER TABLE `movietype`
  ADD PRIMARY KEY (`movieTypeId`);

--
-- 資料表索引 `orderstatus`
--
ALTER TABLE `orderstatus`
  ADD PRIMARY KEY (`orderStatusId`);

--
-- 資料表索引 `playversion`
--
ALTER TABLE `playversion`
  ADD PRIMARY KEY (`versionId`);

--
-- 資料表索引 `role`
--
ALTER TABLE `role`
  ADD PRIMARY KEY (`role_id`);

--
-- 資料表索引 `seatcondition`
--
ALTER TABLE `seatcondition`
  ADD PRIMARY KEY (`showingId`,`seatNumber`);

--
-- 資料表索引 `showing`
--
ALTER TABLE `showing`
  ADD PRIMARY KEY (`showingId`),
  ADD KEY `movieId` (`movieId`),
  ADD KEY `theaterId` (`theaterId`),
  ADD KEY `versionId` (`versionId`);

--
-- 資料表索引 `theater`
--
ALTER TABLE `theater`
  ADD PRIMARY KEY (`theaterId`),
  ADD KEY `cinemaId` (`cinemaId`);

--
-- 資料表索引 `ticketclass`
--
ALTER TABLE `ticketclass`
  ADD PRIMARY KEY (`ticketClassId`),
  ADD KEY `ticketTypeId` (`ticketTypeId`);

--
-- 資料表索引 `tickettype`
--
ALTER TABLE `tickettype`
  ADD PRIMARY KEY (`ticketTypeId`);

--
-- 資料表索引 `topuptransaction`
--
ALTER TABLE `topuptransaction`
  ADD PRIMARY KEY (`transactionId`);

--
-- 已傾印資料表的限制式
--

--
-- 資料表的限制式 `bookingrecord`
--
ALTER TABLE `bookingrecord`
  ADD CONSTRAINT `bookingrecord_ibfk_1` FOREIGN KEY (`memberId`) REFERENCES `memberprofile` (`memberId`),
  ADD CONSTRAINT `bookingrecord_ibfk_2` FOREIGN KEY (`showingId`) REFERENCES `showing` (`showingId`),
  ADD CONSTRAINT `bookingrecord_ibfk_3` FOREIGN KEY (`ticketTypeId`) REFERENCES `tickettype` (`ticketTypeId`),
  ADD CONSTRAINT `bookingrecord_ibfk_4` FOREIGN KEY (`orderStatusId`) REFERENCES `orderstatus` (`orderStatusId`);

--
-- 資料表的限制式 `meals`
--
ALTER TABLE `meals`
  ADD CONSTRAINT `meals_ibfk_1` FOREIGN KEY (`mealsTypeId`) REFERENCES `mealstype` (`mealsTypeId`);

--
-- 資料表的限制式 `membercashcard`
--
ALTER TABLE `membercashcard`
  ADD CONSTRAINT `membercashcard_ibfk_1` FOREIGN KEY (`memberId`) REFERENCES `memberprofile` (`memberId`);

--
-- 資料表的限制式 `memberprofile`
--
ALTER TABLE `memberprofile`
  ADD CONSTRAINT `memberprofile_ibfk_1` FOREIGN KEY (`role_id`) REFERENCES `role` (`role_id`);

--
-- 資料表的限制式 `movie`
--
ALTER TABLE `movie`
  ADD CONSTRAINT `movie_ibfk_1` FOREIGN KEY (`gradeId`) REFERENCES `grade` (`gradeId`),
  ADD CONSTRAINT `movie_ibfk_2` FOREIGN KEY (`movieTypeId`) REFERENCES `movietype` (`movieTypeId`);

--
-- 資料表的限制式 `seatcondition`
--
ALTER TABLE `seatcondition`
  ADD CONSTRAINT `seatcondition_ibfk_1` FOREIGN KEY (`showingId`) REFERENCES `showing` (`showingId`);

--
-- 資料表的限制式 `showing`
--
ALTER TABLE `showing`
  ADD CONSTRAINT `showing_ibfk_1` FOREIGN KEY (`movieId`) REFERENCES `movie` (`movieId`),
  ADD CONSTRAINT `showing_ibfk_2` FOREIGN KEY (`theaterId`) REFERENCES `theater` (`theaterId`),
  ADD CONSTRAINT `showing_ibfk_3` FOREIGN KEY (`versionId`) REFERENCES `playversion` (`versionId`);

--
-- 資料表的限制式 `theater`
--
ALTER TABLE `theater`
  ADD CONSTRAINT `theater_ibfk_1` FOREIGN KEY (`cinemaId`) REFERENCES `cinema` (`cinemaId`);

--
-- 資料表的限制式 `ticketclass`
--
ALTER TABLE `ticketclass`
  ADD CONSTRAINT `ticketclass_ibfk_1` FOREIGN KEY (`ticketTypeId`) REFERENCES `tickettype` (`ticketTypeId`);
COMMIT;

/*!40101 SET CHARACTER_SET_CLIENT=@OLD_CHARACTER_SET_CLIENT */;
/*!40101 SET CHARACTER_SET_RESULTS=@OLD_CHARACTER_SET_RESULTS */;
/*!40101 SET COLLATION_CONNECTION=@OLD_COLLATION_CONNECTION */;
